名称,相片,地址,剧情,评分
这个杀手不太冷,https://img2.doubanio.com/view/photo/s_ratio_poster/public/p511118051.jpg,"法国, 美国","剧情, 动作, 犯罪",9.4
指环王3：王者无敌,https://img2.doubanio.com/view/photo/s_ratio_poster/public/p2642829472.jpg,"美国, 新西兰","剧情, 动作, 奇幻, 冒险",9.3
蝙蝠侠：黑暗骑士,https://img2.doubanio.com/view/photo/s_ratio_poster/public/p462657443.jpg,"美国, 英国","剧情, 动作, 科幻, 犯罪, 惊悚",9.2
指环王2：双塔奇兵,https://img9.doubanio.com/view/photo/s_ratio_poster/public/p2640236255.jpg,"美国, 新西兰","剧情, 动作, 奇幻, 冒险",9.2
七武士,https://img9.doubanio.com/view/photo/s_ratio_poster/public/p2215886505.jpg,日本,"动作, 冒险, 剧情",9.3
指环王1：护戒使者,https://img9.doubanio.com/view/photo/s_ratio_poster/public/p2197698335.jpg,"新西兰, 美国","剧情, 动作, 奇幻, 冒险",9.1
黑客帝国,https://img1.doubanio.com/view/photo/s_ratio_poster/public/p451926968.jpg,美国,"动作, 科幻",9.1
让子弹飞,https://img1.doubanio.com/view/photo/s_ratio_poster/public/p1512562287.jpg,"中国大陆, 中国香港","剧情, 喜剧, 动作, 西部",9.0
搏击俱乐部,https://img2.doubanio.com/view/photo/s_ratio_poster/public/p1910931622.jpg,美国,"剧情, 动作, 悬疑, 惊悚",9.0
杀人回忆,https://img1.doubanio.com/view/photo/s_ratio_poster/public/p1633113220.jpg,韩国,"剧情, 动作, 犯罪, 悬疑, 惊悚",8.9
勇敢的心,https://img1.doubanio.com/view/photo/s_ratio_poster/public/p2004174709.jpg,美国,"动作, 传记, 剧情, 历史, 战争",8.9
功夫,https://img1.doubanio.com/view/photo/s_ratio_poster/public/p2219011938.jpg,"中国大陆, 中国香港","动作, 喜剧, 犯罪, 奇幻",8.8
攻壳机动队,https://img9.doubanio.com/view/photo/s_ratio_poster/public/p2446408045.jpg,日本,"动作, 科幻, 动画",9.1
阿凡达,https://img1.doubanio.com/view/photo/s_ratio_poster/public/p2180085848.jpg,美国,"动作, 科幻, 冒险",8.8
加勒比海盗,https://img9.doubanio.com/view/photo/s_ratio_poster/public/p1596085504.jpg,美国,"动作, 冒险, 奇幻",8.8
纵横四海,https://img1.doubanio.com/view/photo/s_ratio_poster/public/p2597918718.jpg,中国香港,"剧情, 喜剧, 动作, 犯罪",8.8
蝙蝠侠：黑暗骑士崛起,https://img9.doubanio.com/view/photo/s_ratio_poster/public/p1706428744.jpg,"美国, 英国","剧情, 动作, 科幻, 犯罪, 惊悚",8.8
被解救的姜戈,https://img1.doubanio.com/view/photo/s_ratio_poster/public/p1800813767.jpg,美国,"剧情, 动作, 西部, 冒险",8.8
黑客帝国3：矩阵革命,https://img1.doubanio.com/view/photo/s_ratio_poster/public/p443461818.jpg,美国,"动作, 科幻",8.8
谍影重重3,https://img1.doubanio.com/view/photo/s_ratio_poster/public/p792223507.jpg,"美国, 德国, 法国, 英国","动作, 悬疑, 惊悚",8.8
枪火,https://img2.doubanio.com/view/photo/s_ratio_poster/public/p1538646661.jpg,中国香港,"剧情, 动作, 犯罪",8.8
东邪西毒：终极版,https://img9.doubanio.com/view/photo/s_ratio_poster/public/p792502535.jpg,"中国香港, 中国大陆, 中国台湾","剧情, 动作, 爱情",8.8
终结者2：审判日,https://img9.doubanio.com/view/photo/s_ratio_poster/public/p1910909085.jpg,"美国, 法国","动作, 科幻",8.8
头号玩家,https://img1.doubanio.com/view/photo/s_ratio_poster/public/p2516578307.jpg,美国,"动作, 科幻, 冒险",8.7
超能陆战队,https://img2.doubanio.com/view/photo/s_ratio_poster/public/p2614500883.jpg,美国,"喜剧, 动作, 科幻, 动画, 冒险",8.7
新龙门客栈,https://img1.doubanio.com/view/photo/s_ratio_poster/public/p1421018669.jpg,"中国香港, 中国大陆","动作, 爱情, 武侠, 古装",8.7
疯狂的麦克斯4：狂暴之路,https://img2.doubanio.com/view/photo/s_ratio_poster/public/p2236181653.jpg,"澳大利亚, 美国","动作, 科幻, 冒险",8.7
黑客帝国2：重装上阵,https://img1.doubanio.com/view/photo/s_ratio_poster/public/p443461390.jpg,美国,"动作, 科幻",8.7
进击的巨人 最终季 完结篇 前篇,https://img9.doubanio.com/view/photo/s_ratio_poster/public/p2883720945.jpg,日本,"动作, 动画, 奇幻",9.5
谍影重重2,https://img9.doubanio.com/view/photo/s_ratio_poster/public/p667644866.jpg,"美国, 德国","动作, 悬疑, 惊悚",8.7
釜山行,https://img1.doubanio.com/view/photo/s_ratio_poster/public/p2360940399.jpg,韩国,"动作, 惊悚, 灾难",8.6
东邪西毒,https://img2.doubanio.com/view/photo/s_ratio_poster/public/p1982176012.jpg,"中国香港, 中国台湾","剧情, 动作, 爱情, 武侠, 古装",8.6
英雄本色,https://img1.doubanio.com/view/photo/s_ratio_poster/public/p2504997087.jpg,中国香港,"剧情, 动作, 犯罪",8.6
黑鹰坠落,https://img1.doubanio.com/view/photo/s_ratio_poster/public/p1910900710.jpg,"美国, 英国","动作, 历史, 战争",8.7
蜘蛛侠：平行宇宙,https://img1.doubanio.com/view/photo/s_ratio_poster/public/p2535851348.jpg,美国,"动作, 科幻, 动画, 冒险",8.6
暗战,https://img1.doubanio.com/view/photo/s_ratio_poster/public/p2001994907.jpg,中国香港,"动作, 剧情, 犯罪",8.6
谍影重重,https://img2.doubanio.com/view/photo/s_ratio_poster/public/p1597183981.jpg,"美国, 德国, 捷克","动作, 悬疑, 惊悚",8.6
蝙蝠侠：侠影之谜,https://img1.doubanio.com/view/photo/s_ratio_poster/public/p1563566300.jpg,"美国, 英国","剧情, 动作, 科幻, 犯罪, 惊悚",8.6
霍比特人3：五军之战,https://img9.doubanio.com/view/photo/s_ratio_poster/public/p2219406504.jpg,"美国, 新西兰","动作, 奇幻, 冒险",8.6
蜘蛛侠：纵横宇宙,https://img1.doubanio.com/view/photo/s_ratio_poster/public/p2892315297.jpg,美国,"喜剧, 动作, 科幻, 动画, 奇幻, 冒险",8.6
复仇者联盟4：终局之战,https://img9.doubanio.com/view/photo/s_ratio_poster/public/p2552058346.jpg,美国,"剧情, 动作, 科幻, 奇幻, 冒险",8.5
切腹,https://img2.doubanio.com/view/photo/s_ratio_poster/public/p2151748293.jpg,日本,"剧情, 动作, 悬疑",9.4
精武英雄,https://img2.doubanio.com/view/photo/s_ratio_poster/public/p2431081842.jpg,"中国香港, 中国大陆","动作, 剧情",8.6
勇闯夺命岛,https://img9.doubanio.com/view/photo/s_ratio_poster/public/p636048104.jpg,美国,"动作, 冒险",8.6
乱,https://img1.doubanio.com/view/photo/s_ratio_poster/public/p2556724149.jpg,"日本, 法国","剧情, 动作",8.9
神探,https://img1.doubanio.com/view/photo/s_ratio_poster/public/p1349162079.jpg,中国香港,"动作, 犯罪, 悬疑, 惊悚",8.5
角斗士,https://img1.doubanio.com/view/photo/s_ratio_poster/public/p1601948450.jpg,"美国, 英国, 马耳他, 摩洛哥","剧情, 动作, 冒险",8.6
守望者,https://img1.doubanio.com/view/photo/s_ratio_poster/public/p1663601927.jpg,美国,"动作, 科幻, 悬疑",8.6
黄海,https://img1.doubanio.com/view/photo/s_ratio_poster/public/p1075586949.jpg,"韩国, 美国, 中国香港","剧情, 动作, 犯罪",8.5
变脸,https://img2.doubanio.com/view/photo/s_ratio_poster/public/p2173855883.jpg,美国,"动作, 科幻, 犯罪, 惊悚",8.5
速度与激情5,https://img2.doubanio.com/view/photo/s_ratio_poster/public/p898634801.jpg,美国,"动作, 犯罪",8.5
霍比特人2：史矛革之战,https://img9.doubanio.com/view/photo/s_ratio_poster/public/p2166784595.jpg,"美国, 新西兰","动作, 奇幻, 冒险",8.5
速度与激情7,https://img1.doubanio.com/view/photo/s_ratio_poster/public/p2233706697.jpg,"美国, 中国大陆, 日本","动作, 犯罪",8.4
国产凌凌漆,https://img1.doubanio.com/view/photo/s_ratio_poster/public/p2585823759.jpg,中国香港,"动作, 喜剧",8.4
疯狂的赛车,https://img1.doubanio.com/view/photo/s_ratio_poster/public/p2510069458.jpg,中国大陆,"动作, 冒险, 喜剧",8.4
王牌特工：特工学院,https://img9.doubanio.com/view/photo/s_ratio_poster/public/p2231932406.jpg,"英国, 美国","喜剧, 动作, 冒险",8.4
钢铁侠,https://img1.doubanio.com/view/photo/s_ratio_poster/public/p725871968.jpg,美国,"动作, 冒险, 科幻, 惊悚",8.4
小萝莉的猴神大叔,https://img9.doubanio.com/view/photo/s_ratio_poster/public/p2510956726.jpg,印度,"剧情, 喜剧, 动作",8.4
碟中谍4,https://img1.doubanio.com/view/photo/s_ratio_poster/public/p1382432968.jpg,美国,"动作, 惊悚, 冒险",8.4
银河护卫队3,https://img1.doubanio.com/view/photo/s_ratio_poster/public/p2889358680.jpg,美国,"喜剧, 动作, 科幻, 惊悚, 冒险",8.4
加勒比海盗2：聚魂棺,https://img2.doubanio.com/view/photo/s_ratio_poster/public/p1076822803.jpg,美国,"动作, 冒险, 奇幻",8.4
霍比特人1：意外之旅,https://img9.doubanio.com/view/photo/s_ratio_poster/public/p2159038705.jpg,"美国, 新西兰","动作, 奇幻, 冒险",8.4
加勒比海盗3：世界的尽头,https://img1.doubanio.com/view/photo/s_ratio_poster/public/p2407916208.jpg,美国,"动作, 冒险, 奇幻",8.4
启示,https://img2.doubanio.com/view/photo/s_ratio_poster/public/p1374588202.jpg,美国,"动作, 冒险, 剧情",8.7
英雄本色2,https://img2.doubanio.com/view/photo/s_ratio_poster/public/p2597917153.jpg,中国香港,"剧情, 动作, 犯罪",8.4
僵尸先生,https://img2.doubanio.com/view/photo/s_ratio_poster/public/p2561349592.jpg,中国香港,"动作, 喜剧, 奇幻",8.5
复仇者联盟,https://img1.doubanio.com/view/photo/s_ratio_poster/public/p1469137689.jpg,美国,"动作, 科幻, 奇幻, 冒险",8.3
喋血双雄,https://img1.doubanio.com/view/photo/s_ratio_poster/public/p1820401687.jpg,中国香港,"动作, 犯罪, 剧情, 惊悚",8.5
鹿鼎记,https://img1.doubanio.com/view/photo/s_ratio_poster/public/p2166580970.jpg,中国香港,"喜剧, 动作, 武侠, 古装",8.3
西线无战事,https://img9.doubanio.com/view/photo/s_ratio_poster/public/p2879787106.jpg,"德国, 美国, 英国","剧情, 动作, 战争",8.5
精英部队2：大敌当前,https://img2.doubanio.com/view/photo/s_ratio_poster/public/p858211193.jpg,巴西,"剧情, 动作, 犯罪, 惊悚",8.7
杀死比尔,https://img9.doubanio.com/view/photo/s_ratio_poster/public/p2454638445.jpg,美国,"动作, 犯罪, 惊悚",8.3
监狱风云,https://img1.doubanio.com/view/photo/s_ratio_poster/public/p2347371309.jpg,中国香港,"剧情, 动作, 犯罪",8.4
银翼杀手2049,https://img1.doubanio.com/view/photo/s_ratio_poster/public/p2501864539.jpg,"美国, 英国, 加拿大, 西班牙","剧情, 动作, 科幻, 悬疑, 惊悚",8.3
变形金刚,https://img9.doubanio.com/view/photo/s_ratio_poster/public/p2184739474.jpg,美国,"动作, 科幻",8.3
用心棒,https://img9.doubanio.com/view/photo/s_ratio_poster/public/p2163659004.jpg,日本,"剧情, 动作, 惊悚",9.0
第九区,https://img9.doubanio.com/view/photo/s_ratio_poster/public/p2798828414.jpg,"美国, 新西兰, 加拿大, 南非","动作, 剧情, 科幻, 惊悚",8.3
星球大战,https://img2.doubanio.com/view/photo/s_ratio_poster/public/p2500865872.jpg,美国,"动作, 科幻, 冒险",8.5
金刚狼3：殊死一战,https://img1.doubanio.com/view/photo/s_ratio_poster/public/p2431980130.jpg,美国,"剧情, 动作, 科幻",8.3
天若有情,https://img9.doubanio.com/view/photo/s_ratio_poster/public/p2564014416.jpg,中国香港,"动作, 剧情, 爱情",8.4
魁拔Ⅲ战神崛起,https://img2.doubanio.com/view/photo/s_ratio_poster/public/p2202613921.jpg,中国大陆,"动作, 动画, 奇幻, 冒险",8.6
罪恶之城,https://img1.doubanio.com/view/photo/s_ratio_poster/public/p1644472130.jpg,美国,"动作, 犯罪, 惊悚",8.4
暗花,https://img1.doubanio.com/view/photo/s_ratio_poster/public/p2159683290.jpg,中国香港,"剧情, 动作, 犯罪, 悬疑",8.4
盗火线,https://img1.doubanio.com/view/photo/s_ratio_poster/public/p792508289.jpg,美国,"剧情, 动作, 犯罪, 惊悚",8.5
黄飞鸿,https://img9.doubanio.com/view/photo/s_ratio_poster/public/p2204476216.jpg,中国香港,"剧情, 动作, 武侠, 古装",8.3
红海行动,https://img2.doubanio.com/view/photo/s_ratio_poster/public/p2514119443.jpg,"中国大陆, 中国香港","动作, 战争",8.2
老男孩,https://img1.doubanio.com/view/photo/s_ratio_poster/public/p2166892850.jpg,韩国,"剧情, 动作, 悬疑, 惊悚",8.3
王牌对王牌,https://img1.doubanio.com/view/photo/s_ratio_poster/public/p1971419890.jpg,"美国, 德国","动作, 犯罪, 剧情, 悬疑, 惊悚",8.5
一代宗师,https://img2.doubanio.com/view/photo/s_ratio_poster/public/p2217557172.jpg,"中国大陆, 中国香港","剧情, 传记, 动作, 爱情",8.2
铁甲钢拳,https://img2.doubanio.com/view/photo/s_ratio_poster/public/p1031075041.jpg,"美国, 印度","剧情, 动作, 科幻, 运动",8.3
飓风营救,https://img1.doubanio.com/view/photo/s_ratio_poster/public/p1595764830.jpg,"法国, 美国, 英国","动作, 犯罪, 剧情, 惊悚",8.3
食神,https://img9.doubanio.com/view/photo/s_ratio_poster/public/p2179639845.jpg,中国香港,"动作, 喜剧",8.2
师父,https://img1.doubanio.com/view/photo/s_ratio_poster/public/p2554541437.jpg,中国大陆,"剧情, 动作, 武侠",8.2
星球大战前传3：西斯的复仇,https://img2.doubanio.com/view/photo/s_ratio_poster/public/p533908031.jpg,美国,"动作, 科幻, 奇幻, 冒险",8.5
功夫熊猫,https://img1.doubanio.com/view/photo/s_ratio_poster/public/p1597238857.jpg,美国,"喜剧, 动作, 动画, 冒险",8.2
绅士们,https://img1.doubanio.com/view/photo/s_ratio_poster/public/p2592646837.jpg,"英国, 美国","喜剧, 动作, 犯罪",8.3
明日边缘,https://img1.doubanio.com/view/photo/s_ratio_poster/public/p2185073849.jpg,"美国, 加拿大","动作, 科幻",8.2
X战警：逆转未来,https://img1.doubanio.com/view/photo/s_ratio_poster/public/p2181156848.jpg,"美国, 英国","剧情, 动作, 科幻, 冒险",8.2
猩球崛起,https://img1.doubanio.com/view/photo/s_ratio_poster/public/p1281402537.jpg,美国,"剧情, 动作, 科幻",8.2
少林寺,https://img2.doubanio.com/view/photo/s_ratio_poster/public/p2457784081.jpg,"中国大陆, 中国香港","动作, 武侠, 古装",8.3
生化危机,https://img2.doubanio.com/view/photo/s_ratio_poster/public/p2174120073.jpg,"英国, 德国, 法国, 美国, 加拿大","动作, 科幻, 恐怖",8.2
黑衣人,https://img2.doubanio.com/view/photo/s_ratio_poster/public/p453512941.jpg,美国,"动作, 喜剧, 科幻",8.2
X战警：第一战,https://img1.doubanio.com/view/photo/s_ratio_poster/public/p956878707.jpg,"美国, 英国","动作, 剧情, 科幻",8.2
超人总动员,https://img2.doubanio.com/view/photo/s_ratio_poster/public/p2221537622.jpg,美国,"喜剧, 动作, 动画, 冒险",8.2
福尔摩斯二世,https://img1.doubanio.com/view/photo/s_ratio_poster/public/p2206737207.jpg,美国,"喜剧, 动作, 爱情",9.5
我，机器人,https://img9.doubanio.com/view/photo/s_ratio_poster/public/p691069814.jpg,"美国, 德国","动作, 悬疑, 科幻, 惊悚",8.2
黄飞鸿之三：狮王争霸,https://img1.doubanio.com/view/photo/s_ratio_poster/public/p2047653768.jpg,"中国香港, 中国大陆","剧情, 动作, 武侠, 古装",8.2
天下无贼,https://img2.doubanio.com/view/photo/s_ratio_poster/public/p2191934463.jpg,"中国大陆, 中国香港","动作, 犯罪, 剧情",8.1
碟中谍6：全面瓦解,https://img9.doubanio.com/view/photo/s_ratio_poster/public/p2529365085.jpg,"美国, 中国大陆, 法国, 挪威, 英国","动作, 惊悚, 冒险",8.1
阿基拉,https://img2.doubanio.com/view/photo/s_ratio_poster/public/p711283071.jpg,日本,"动作, 科幻, 动画",8.5
碟中谍,https://img2.doubanio.com/view/photo/s_ratio_poster/public/p1660124103.jpg,美国,"动作, 冒险, 惊悚",8.2
真实的谎言,https://img1.doubanio.com/view/photo/s_ratio_poster/public/p2408831888.jpg,美国,"喜剧, 动作, 惊悚",8.3
买凶拍人,https://img2.doubanio.com/view/photo/s_ratio_poster/public/p1361412292.jpg,中国香港,"犯罪, 动作, 喜剧",8.2
A计划,https://img2.doubanio.com/view/photo/s_ratio_poster/public/p2345955373.jpg,中国香港,"动作, 喜剧",8.2
复仇者联盟3：无限战争,https://img9.doubanio.com/view/photo/s_ratio_poster/public/p2517753454.jpg,美国,"动作, 科幻, 奇幻, 冒险",8.1
少林足球,https://img9.doubanio.com/view/photo/s_ratio_poster/public/p2507107765.jpg,中国香港,"动作, 喜剧, 运动",8.1
黄飞鸿之二：男儿当自强,https://img1.doubanio.com/view/photo/s_ratio_poster/public/p2585646640.jpg,中国香港,"剧情, 动作, 爱情, 武侠, 古装",8.2
武状元苏乞儿,https://img1.doubanio.com/view/photo/s_ratio_poster/public/p1148052547.jpg,中国香港,"喜剧, 动作, 武侠, 古装",8.1
逃学威龙,https://img1.doubanio.com/view/photo/s_ratio_poster/public/p2573231828.jpg,中国香港,"喜剧, 动作, 爱情",8.1
星球大战2：帝国反击战,https://img9.doubanio.com/view/photo/s_ratio_poster/public/p732937546.jpg,美国,"动作, 冒险, 科幻",8.4
